id,EmpID,Name,Department,Salary
1,eed2457d-e5b6-4f4c-8c78-8184f59036ad,Jakie,Product Management,186541
2,3a96463c-a4ff-4976-9adb-a530b51102c0,Leontine,Services,218504
3,fe5e6fd0-a187-4755-9f6f-c17825e4f888,Lancelot,Accounting,249915
4,94b6df9a-570b-495c-9d05-373b9bad2419,Aurie,Training,134107
5,86d8597e-edb7-4ecb-9780-64a31883598d,Hayley,Accounting,212798
6,bb944577-fd85-45d9-9cd5-aeaf6d53f707,Kathye,Accounting,144256
7,20b72b7a-2df7-489d-98e1-d83ade78e26a,Evangelina,Sales,59400
8,36d49ceb-45b9-4cfb-aa88-0212eed79934,Raul,Sales,69035
9,5fcf5c17-e8ca-4026-8ceb-f7d0096192c8,Tremayne,Support,57622
10,cd5e9e86-d239-4807-928b-a6d1fbbca02f,Prudi,Engineering,238506
11,b147e1f8-3461-4fc3-b00f-cdcbcc04b8c9,Mirelle,Human Resources,147582
12,d623f173-79d7-4f57-bce5-c0b53bc8b5d9,Tobie,Marketing,171013
13,cfc72042-e370-45cd-8e50-b2528cf3f598,Eula,Legal,143862
14,b12e4bbb-32e2-421b-9782-a67c8eed52b8,Ruthy,Marketing,95075
15,7e38d8fe-ce3c-4351-980b-5296fd64bb65,Seline,Engineering,165444
16,e6ed435e-2e97-48bd-b276-be39da2dad9f,Marijo,Marketing,151625
17,137dab99-f621-4c87-85bb-0d16213d794d,Vittorio,Product Management,181313
18,ef985915-b39d-4eca-b050-9d5919ed6377,Saxe,Sales,156959
19,37c92f14-c379-4fa4-a927-16546c675338,Geoffrey,Legal,161944
20,b621613c-7bfd-463a-8371-9b106f7a8bed,Tam,Legal,59361
21,dc3f7a46-ffcd-4953-86a4-5409c4a30a5e,Halsey,Research and Development,129255
22,a486b315-e256-4356-9ffd-7ba5d33383f1,Gilly,Sales,164000
23,c3d7f0a3-ee12-4ffb-9ba7-97fadb6571a2,Bendick,Business Development,121397
24,2816a59e-445d-4a7f-9b95-33cd8df6e00c,Brina,Product Management,245421
25,0f5990cf-a514-49db-a902-36e091b6cc96,Raffaello,Business Development,168096
26,0fe7aa15-0be6-4b4b-899d-cfb2f159016f,Milicent,Product Management,125003
27,756cd819-d011-41f3-8d1a-f144699e6f53,Clementia,Engineering,239752
28,f393b65a-cdda-4db8-8598-f645d5352123,Ruperta,Sales,69543
29,1d828cd1-364e-450c-bf59-9f3e659d6f9a,Josie,Legal,67276
30,52cf55cd-9cd4-42b2-8ae2-63e68d5280a1,Keen,Business Development,202243
31,2ec386d2-d346-4f0e-bb02-17bed0fefcff,Merilee,Accounting,136422
32,0adfe142-a2a3-4b74-a4b0-7b173198f9f1,Iolande,Marketing,104805
33,3b182163-0c05-4527-b714-0e0e7d9877f0,Cordey,Training,234241
34,679abdd5-8d49-4528-b7f8-5ec8fd96e92a,Davy,Human Resources,154228
35,dd2b25f0-20bd-4dc5-8c26-c29615b2cdcc,Lyn,Accounting,246814
36,635b9cb2-b867-47c4-ad11-ab3b613eed38,Gibby,Support,58807
37,ba34de67-9dcd-459a-afb8-ee9096cbeecf,Iris,Product Management,183552
38,7c2ccbd3-0dea-4c7f-9875-6441de87c8f9,Cathee,Engineering,171045
39,82ba66b8-47f3-43fc-8ef3-6386cf15e35e,Edithe,Sales,77813
40,5082d512-42dd-429d-8176-b56b498129eb,Estella,Marketing,124070
41,16bb7d47-99e2-42bc-9b24-2334b96802b6,Paulie,Accounting,220258
42,399372a3-1672-43c9-8d1c-ec28193584ab,Clarie,Services,126792
43,4e62a229-3630-4948-adcd-a1be07d14a14,Dale,Accounting,61679
44,3b75dc8b-27c5-4edf-a734-390171cfa311,Vinson,Legal,59840
45,5e58b55a-952f-4a05-85b7-f90f175431bd,Helaina,Support,120156
46,5ae73048-5646-478c-96c9-b2f8276358d3,Cinda,Research and Development,77899
47,d14ca55a-59da-4fd4-af36-327ef8293e1e,Khalil,Engineering,143435
48,b9647ad9-a0aa-4b66-989c-a458cd4580fb,Butch,Human Resources,191670
49,f9fe8663-7d02-40a5-85c3-6122f77e0619,Domeniga,Sales,69416
50,f3ffd4e7-8f43-4e89-8ff1-e08a9a2ff1e9,Radcliffe,Research and Development,104674
51,5ea3b1fd-2356-4549-8510-69d98d5e3647,Janenna,Support,115236
52,b309ef03-3ce9-4654-9652-871dbf3c5c38,Chlo,Sales,129840
53,b5debd4e-efcb-4096-953a-806e53ca7111,Laney,Human Resources,124412
54,45dfe529-5e87-4ea9-b1cf-a3f8697dd073,Alida,Business Development,67203
55,58be2c92-a20d-4ac5-848c-675c3e56691d,Milo,Support,142143
56,0a866b30-39c1-4ec0-911a-1f9f4ffbeb54,Killian,Product Management,98627
57,ac0d54aa-b30c-4ea2-b82b-6975260da5b6,Stanford,Human Resources,106380
58,b85caa85-d952-498f-b856-95acc1cf03cc,Hynda,Business Development,228266
59,8736d5e4-e70c-43db-8675-b51f8119d562,Inger,Marketing,88150
60,cb330b25-b1c1-461d-8683-3a71e9000498,Celinda,Services,119971
61,0c5fc364-52df-4e65-bf87-cdc02c2ecc54,Delphine,Services,180477
62,e7c6ae3b-cd05-4c0d-bd97-f39420a6fb2a,Sawyer,Engineering,101376
63,b587a804-be98-4fac-95b2-6787761913c4,Eldridge,Human Resources,244151
64,1c0a7d09-ed20-41dc-accd-59c28933095b,Fransisco,Services,85887
65,acb9b4ec-7275-44a5-9c43-d0d2e4b69600,Viviana,Legal,132257
66,2ff71f83-becd-4c26-a2b8-c095e9cfe4dc,Tina,Support,97860
67,6e3ae83a-0093-46c5-81a3-1650df292704,Kimberli,Services,194303
68,5f8d798d-87ca-4487-8333-8ff1dd575d19,Agustin,Research and Development,98627
69,e1b7810a-5e6e-4174-9645-7752128b2d67,Ephrayim,Support,170554
70,7960ca8b-5306-4bea-92e5-0b31a1b057d7,Winny,Engineering,147826
71,34d73baa-5d7f-4c7a-b88d-3b0d4e7eda3e,Milty,Product Management,233115
72,cda2e17f-e0eb-4887-9b43-52a234d5d5d5,Drucy,Product Management,199428
73,404482c5-357a-4abe-be2e-76aac54f1e69,Rad,Product Management,116509
74,d94544f5-4bc7-47b4-bad1-3a9c91fdcaf7,Christina,Sales,160357
75,0d7ef03c-7aac-4444-8169-8046e7810138,Rabi,Sales,238731
76,feb84fc8-f378-44ba-8dbf-bdf6cd17c400,Malcolm,Support,239644
77,c756ec18-ca64-44d7-b1ab-15b5231d1891,Tory,Engineering,78640
78,9c574b18-9e19-40cd-a324-e694b63d0625,Bel,Training,89682
79,d07fc3d1-610c-4d6c-ba08-846c5c6cdf83,Antons,Product Management,233539
80,10e758a4-d5a4-4cf5-b77d-f90015eb3ef8,Reider,Sales,191076
81,f802add9-25c0-4133-97b4-1d01f21e1542,Karissa,Research and Development,87444
82,9630cfeb-7b46-4f49-83da-63428d96b48b,Layton,Product Management,181362
83,19b9c4dc-5c61-4bb6-9030-aac007e2a1d4,Evvy,Business Development,55792
84,e56841cc-6183-4623-92ff-80b0e986e31e,Siffre,Product Management,236126
85,5d67ff47-b5b6-4dbd-936b-7e19375ac05f,Deeann,Services,116570
86,59f49e82-1474-4c61-9dd2-f8ba1090e4c1,Tabb,Services,183972
87,e616c3df-a92a-431f-a49c-6dd43af40a3f,Irene,Legal,136462
88,0d82a023-4e87-49c2-a24e-4d68e60ebb70,Sherry,Accounting,146685
89,5599e859-deee-42a7-a30e-a617e28bf1a3,Issiah,Sales,227308
90,bfb74549-ccb2-49dd-8a8f-a505c1471819,Sasha,Human Resources,191386
91,94195b1d-d209-46ad-9d8f-38d72c2d24d0,Phillis,Accounting,218204
92,49cd0c36-137c-4597-9627-063d6e7f499e,Jehu,Engineering,103164
93,4b57b455-472a-41d3-8278-acc72cc7d03a,Dermot,Accounting,223318
94,48502b8b-7786-4af7-bd8a-2388d8a2125e,Garald,Training,189821
95,aa6f90e7-4fae-444e-aaa4-886cd50518d6,Antoni,Marketing,167178
96,7e4c2178-bcc1-470f-937b-2c073fed8582,Jannelle,Engineering,136483
97,63f8e063-ce35-42f3-b272-2d187ab3b5da,Jane,Product Management,214384
98,aceeced8-75a9-4640-a20b-10c6a9f347ea,Huntlee,Human Resources,228291
99,337e3459-92fb-4a1d-8e67-b9e8ad4a1f22,Sashenka,Legal,188789
100,02456573-c989-451b-baba-e5329611199e,Isa,Support,132730
101,30d2c4ef-d4cb-4dba-bb69-81e67fa8310c,Ericha,Product Management,141487
102,61002600-5708-405c-82b4-871d1e35e745,Helyn,Product Management,101681
103,fc7c5dce-c4bd-42eb-93f0-a5bdf23a12ce,Bette,Training,122073
104,198bcb5b-b31b-4de4-a2b4-a7dbf4c3d8de,Courtenay,Human Resources,228051
105,fb7db891-b4c8-4474-a4b7-4883b2c92c02,Kalila,Human Resources,73768
106,c86ec551-c50c-410c-bafe-dc1e035a3f92,Pedro,Engineering,61978
107,48399989-c929-4f8a-9d04-fe00795066e6,Guenna,Marketing,233938
108,87a67169-b589-4c2a-88e5-b42f42fa26b6,Maggy,Sales,173374
109,30d858a6-b402-4465-926c-ff04e57b55ea,Matteo,Marketing,115314
110,b01f7c4e-684c-4cfb-b1fc-53a56a0f1f68,Dannye,Marketing,203684
111,cd70899e-8bc1-4f7e-9f49-3f2b573c6480,Wayland,Training,61838
112,4184f45e-6655-4a2d-8252-2677235a6f0b,Kin,Accounting,99392
113,c4485cee-1cbc-4011-9438-b5a13dcb5949,Lilllie,Accounting,174178
114,ff2e1c0d-e021-4e7c-91db-92fa5a8ed84a,Codi,Services,83338
115,0ee50720-9252-43e9-9b53-f4a7765a4a8a,Odele,Product Management,177147
116,c99735b3-8fab-41ab-8d33-046d84e4c9cd,Kurtis,Research and Development,169979
117,b5f0d210-18d3-4b05-83f9-dbfa3eefa350,Clo,Sales,222951
118,b245804b-beff-4e3f-8259-0fe7cd93d004,Eddie,Support,173325
119,0a842331-0ebf-40f6-91e7-47f049ca7ac6,Murdock,Business Development,188092
120,3f25ab41-f1a6-4135-8a03-f0214b1f4efe,Anestassia,Business Development,146378
121,83030dbb-f5dd-479e-9e39-e195a76268e3,Starlene,Services,211061
122,f5f8cb3f-062e-4e8c-9fa0-dfca2849c002,Allyce,Training,81999
123,287baae6-baba-4693-997e-8f885f891c8a,Kendell,Services,55294
124,c051cd94-1983-41a9-851b-67718b8ef937,Ivan,Engineering,66102
125,fdf39117-5bfc-41a2-8105-4afa731caab6,Piggy,Engineering,146802
126,618e35bb-d744-46e7-9cf9-f85e5052efbd,Trent,Training,90153
127,ebc70adb-8ab5-494f-bdd8-5a17321a6d15,Maurene,Accounting,53695
128,088806b7-8dc5-4415-b2f1-650ab52d0b52,Demetrius,Marketing,246317
129,fd9d7ba0-5737-44b4-b228-ae24fe676aa7,Ealasaid,Support,140835
130,c19d2858-b2e6-4ec9-a146-b988a5270254,Kettie,Engineering,158338
131,01b61d5b-e78a-49d9-8c83-bbe504573c09,Ania,Sales,138611
132,07daba2b-1fa0-4440-abb9-fe639726e76e,Mavis,Support,212099
133,05129950-b629-4904-adaf-e6f0982bc9f6,Salem,Services,230381
134,cc21ceef-1d12-4268-a18b-24c4877a577c,Orland,Research and Development,69509
135,488867d6-2e0b-4d4d-ad2b-0c0a09111b9f,Noellyn,Human Resources,186253
136,f69564ca-f90d-46d2-bba3-d0555a85f0a1,Alyda,Marketing,51229
137,f7fdca4f-748d-4df9-a232-90d809a150e5,Angelico,Human Resources,168707
138,12b459c3-d61a-478f-9f5e-4cf4c41df982,Adah,Services,239623
139,bbc23d1c-8c27-4845-b349-4fbd5e0774f2,Dwight,Support,89170
140,a197a01b-e4d8-4393-ac30-564a8619ee42,Regine,Training,79314
141,b9045fa5-1f71-40bb-a850-0bba1042645b,Bay,Training,115195
142,9341cd3f-de3b-467a-9694-4f49d264088a,Horatia,Training,186003
143,babb399f-3e75-41ef-b66b-44c1a31ffd9a,Giulio,Sales,52624
144,2d2797fd-d142-4b00-b765-8c5c18b86262,Eda,Accounting,203818
145,ab49cb57-94ef-4dc1-b06d-a82dd6a2e234,Haily,Accounting,155915
146,a0d60508-01cc-498d-a5bd-6bd64d55a433,Yorgo,Engineering,219928
147,1d357b12-76d5-4442-8ff1-5381491f24b1,Garek,Accounting,53847
148,e1a42283-cda9-441b-9426-9326a235e6e2,Minette,Engineering,76262
149,ad5f7ff8-9669-4bab-99a4-c93c46dbefaf,Micki,Marketing,147736
150,da39a187-e68e-4be8-912c-b3318a12257b,Sherlocke,Support,181235
151,da1dab6c-8006-4796-9b13-194cec124b95,Frankie,Accounting,56136
152,d50d2a6e-bac2-4207-a2a2-d8ff07335d00,Hedy,Business Development,139726
153,feb07161-4ac7-40af-9bdd-9d86f9722970,Winston,Marketing,137514
154,8dbfa692-9517-48ea-893d-7cc1c3994985,Christine,Sales,55275
155,6f8bd7a1-db01-40db-bd71-ba7a369abe45,Annamarie,Engineering,245167
156,91a81b52-0aa3-4bba-b531-5f71e964c586,Bo,Research and Development,240325
157,2d325136-62fe-4a4c-9c4c-945c0e6a9a8c,Ami,Marketing,147834
158,90677563-402e-4018-9e5e-ed87c157d719,Korney,Marketing,243587
159,10e0ee37-0192-4c76-bf9c-c0c97c513ce8,Rana,Business Development,180669
160,0fa8604f-cc98-494c-ba57-cd3d2fb8ff05,Phoebe,Engineering,189791
161,72d7246d-10cb-4c5e-bc74-ccc1c5744b03,Leonidas,Research and Development,73699
162,7100e844-8731-4a88-8e30-cd318fa94d3f,Prentiss,Accounting,108326
163,d8cc0bdc-cec2-4ff6-aceb-ae145cea0992,Rosa,Research and Development,140470
164,4f5a0de3-f6d5-4519-9632-7bd9814d8fe8,Franny,Engineering,160839
165,6607e2c3-b4ff-4752-9a79-408640d6a77b,Maxie,Support,105048
166,e3385ab8-67a8-4864-a90b-598790616f06,Wilbert,Human Resources,221805
167,8357fac0-632c-4be7-92dd-e9a20535cb3c,Suzy,Business Development,110556
168,c597bf10-f6eb-4205-94df-1972af7b59af,Lurette,Product Management,121106
169,946c678d-6a40-4ce1-81df-8e24247bfb8d,Bucky,Services,159980
170,00040f00-b856-4464-9c90-f333f0e3620f,Clerissa,Support,235769
171,df8f47cf-957c-4f58-a84c-d5749ffb8ad3,Wilburt,Accounting,152671
172,f27eabc4-e973-4780-8043-d851e5faed6a,Shirley,Product Management,124938
173,fc6f6d5b-1535-4c3b-8223-af47cdaf2644,Maje,Legal,147037
174,cb6a0216-1a0c-484d-9358-9be250612aa6,Ives,Legal,226722
175,ea383b59-dda6-4772-8576-e4edf5fca8e0,Ester,Research and Development,195652
176,434a76b3-2761-435f-a293-edfd2c886110,Melvyn,Sales,185857
177,3c18441c-878d-4950-9ac4-31a9742971fc,Adelind,Training,57027
178,daf6ab95-8b2c-4ec6-93b2-ef9441564292,Tarah,Marketing,188391
179,d8a92a3d-41ce-4555-ad3a-d387aeac9861,Hilary,Marketing,54578
180,1d3849b1-6446-475e-8822-d82cfb3ad280,Cindi,Legal,134851
181,4568dedf-8c91-4db2-aa58-c14b36779e2e,Luke,Business Development,50446
182,b8812727-d612-4f41-baeb-284bbefd544c,Zonnya,Research and Development,118736
183,3fc9b081-aba8-4bfe-80a7-63360db22c2f,Rooney,Sales,199881
184,87857feb-9a70-4245-866f-c4926cb598e7,Polly,Training,241436
185,55c9535e-0457-4148-adcc-6004c5e9865c,Hyacinthie,Marketing,194344
186,95d92181-8f1d-49dc-9f73-d9baabc44322,Beatriz,Human Resources,82963
187,bdcbc0fe-c793-48f4-ae53-63f14afde3ac,Robers,Product Management,105829
188,7fa66c16-2def-4c1e-b829-f713d5c26c62,Blake,Business Development,81977
189,d34d2f19-0d08-463d-9984-ff1595bc791c,Brice,Sales,119191
190,f4351565-8e74-4284-a2d2-835148fa1b21,Florie,Accounting,64535
191,1a4f34a7-d265-4d11-8206-821d3f3b90ad,Ingrim,Training,112259
192,b698932a-341f-4b31-baa9-df9f22202131,Melissa,Engineering,240491
193,2f7876b7-d981-4be3-be4c-85e39f8a91e6,Francesco,Services,164017
194,52262d6d-ba34-4e1e-8d53-005dd75073b4,Yorgo,Research and Development,224314
195,9017cde9-80e7-4515-8bfe-311e32d0ade4,Morten,Product Management,182016
196,214a7301-8242-4088-88e2-edb696ca04cd,Erl,Accounting,140106
197,bb647092-2fbd-4bf8-98a6-92b2c4c82dae,Beltran,Engineering,113665
198,7c97c505-d3af-467a-b9f5-7e33baa95060,Iorgos,Product Management,180719
199,2bcb5230-b875-4a43-acbf-57997066a4b0,Ariel,Support,170739
200,fb9b12c7-9ecd-4088-85ba-a3a78d73e180,Marylinda,Support,88354
201,b9abda9d-710d-4f4e-ad4c-74f5950f70a3,Carlie,Marketing,196563
202,b92abbd6-a26a-456e-b39f-138cf1ea5877,Pepito,Business Development,155162
203,528e22b2-f562-4003-b434-a6005b40768b,Loydie,Accounting,193736
204,6936c08a-9343-4e18-9677-dc6dd49ec9a3,Sebastiano,Research and Development,134665
205,90e4bf02-c104-4f19-b5ef-37a067fa57e5,Barr,Training,186726
206,34a32dea-4bc2-469b-afb7-aba154a5b3cf,Aleen,Business Development,153970
207,a6353ee6-c1f1-4842-b03e-3b3132fa6011,Adolpho,Human Resources,149810
208,e8d523c6-6e33-4198-97a0-d703408eb356,Reinaldos,Support,189376
209,3a42123b-63f9-4a61-ae15-73f73979c9de,Ollie,Product Management,159287
210,c3547c1f-7d5e-4fe1-b824-a05f1cc7477f,Tami,Product Management,54317
211,b43e911a-5db3-4570-92dc-906766487f48,Roarke,Legal,132914
212,ca2396b3-092a-4d1b-897d-98547b8ffdad,Nil,Business Development,57974
213,72cef029-9e14-427d-8c3d-686400ce54af,Sandor,Engineering,94279
214,a5510c42-9740-488c-9596-ebe4e29e78aa,Man,Training,161647
215,176d8642-0f25-43b7-949f-ea060d84bbf2,Chrissie,Support,221575
216,4e25b5dd-00b5-4e31-a3f9-d4bcf8756a0c,Kennan,Engineering,180637
217,be4880b9-94cd-40aa-8a1f-1e778eeecc45,Fleurette,Engineering,103560
218,21019c8a-8465-4afc-a6bf-ef8d93d9ddea,Odie,Product Management,58463
219,bb92f84d-ef08-456d-9eaa-c405df3e3443,Josephina,Accounting,133993
220,6fbf3f65-7104-4b2e-96fb-2c2f90bffecc,Dulcia,Marketing,175059
221,71c1b90a-d4e8-44b8-a705-4938a4b049c4,Binky,Training,92780
222,dfb36079-a683-4b56-b4a6-4d2ba7988a7e,Garrot,Services,186430
223,43379a3b-615f-4fc3-9792-bb5e9de1b00b,Dre,Research and Development,60781
224,76782928-2f33-47a6-a53a-345931ae2c8c,Mona,Research and Development,63852
225,f019a061-7dbb-4fe2-b8c4-0e015fad3fea,Sunshine,Business Development,95705
226,93eed738-4956-45fd-893f-24f48ae045f7,Magdalena,Sales,197346
227,91a0c9c1-a67d-44ed-a23e-a8d0b7bcf132,Danella,Accounting,152049
228,dfa2c475-5f71-42e6-a27c-3e83bde9cd4a,Jeanie,Training,53936
229,8401d1c4-1ced-4a2d-bac5-3079255e3e5e,Robin,Sales,67229
230,a1ebe077-124d-4d65-a93b-f6f05dcf7a31,Lindy,Legal,178824
231,43665bcd-ac4f-4e7b-8dbe-b7c9b25d435b,Ashley,Legal,231301
232,18438181-a3ac-45fa-9bf1-d75741c0c710,Walsh,Business Development,56478
233,84fbeab0-abc2-496c-a1b8-4f54143e9420,Nicky,Legal,236793
234,e6ccf302-2f77-41fc-a298-8fee1924f7dc,Enrique,Product Management,169123
235,09e32a6a-2643-4177-a5c7-69fdcf0f6c51,Phillie,Training,60886
236,21d21f8b-4d34-4fa1-b4e8-7d784907a5ac,Amelina,Product Management,85650
237,e3450f31-0e33-4c3b-95ce-fa7972ed675e,Shelli,Legal,179714
238,8177b896-d2bc-4362-8fa1-56b544acf7c5,Eolanda,Sales,93666
239,d56d4c08-8681-48af-9f93-f4140dc68048,Kerby,Accounting,129921
240,64701839-74fe-4c17-965f-814285975c4d,Celine,Marketing,219951
241,94b95425-b62c-4892-b0cf-20e49928413c,Tamra,Product Management,116186
242,97b27e82-dce5-4b11-a3ce-b24d7be04519,Doris,Support,135974
243,5a70eb2b-5aea-49ff-9c7f-17b77f51e1e3,Rudyard,Sales,208978
244,b6dbdcac-423c-47dd-8326-49e1dd9eadd9,Field,Legal,182640
245,b16ab07c-0e0d-442d-986f-9770edbe2e37,Demetri,Product Management,98868
246,43c8d14b-19a6-48d1-a5fc-4b97d8ea2b39,Dawna,Business Development,226031
247,0bfa51b1-0f7c-44e6-a3e8-51174a794fc6,Corella,Accounting,50869
248,0bc5ad65-f393-4f5d-9958-0cb8a170f845,Alexandrina,Product Management,80590
249,6b7f9164-a758-4910-abb1-67640de5c8b7,Obediah,Training,127146
250,e757fa97-5375-405b-bdb9-d36813c36023,Lexine,Legal,148863
251,82f84f75-5127-4472-bd7b-968411da847c,Bernadene,Human Resources,138143
252,580d3f6c-62d9-46c7-ae8b-60c98feda994,Hurleigh,Accounting,112823
253,11000b2e-bff7-4c8b-a08d-08433bb3f50d,Allsun,Legal,213853
254,f747ccb1-e346-4f91-a450-0b1b4ce8262a,Ines,Training,240730
255,4b868686-86ac-4c59-86fb-bb5361808053,Tersina,Accounting,53965
256,376c8db5-07ec-4eb9-8947-ff89dd727abf,Belva,Research and Development,195276
257,03296d9f-f063-4cf5-8d00-a1395c98ec2e,Madalena,Legal,115115
258,dc00d820-d38a-471d-b082-3577cccbd5a3,Padraic,Marketing,162065
259,14309b28-ddf2-4ad9-8a3c-1a099ac0b420,Marnie,Product Management,77694
260,aaeed0d1-3ff8-49e2-93a0-4152664a5418,Aidan,Human Resources,127755
261,7fa219c1-2e65-43a9-b8b6-6439f638e761,Georgeta,Product Management,208422
262,d5af4be6-8e7b-47b6-8c8d-4e2c67cdf82b,Celinka,Human Resources,126413
263,092e3ebd-6b13-42c7-b1e6-bd82da308d03,Alva,Engineering,206862
264,2cca1915-189c-4fc6-b290-dc5b1cf6d97d,Ernest,Engineering,240393
265,72a95d59-cb5a-410c-8d12-f2dd2bc99b18,Rhodie,Research and Development,93202
266,6318f14b-8cae-47a1-beab-77826e899531,Christoper,Research and Development,114590
267,1582999a-908b-4a2c-9b05-952c2786409d,Vance,Engineering,142136
268,d299ef23-25ba-472a-8adb-aededb7cfeb5,Jacklyn,Sales,125863
269,8a43ec3c-6848-43bc-8dd0-3a0592307b67,Shaughn,Research and Development,183243
270,8f900c12-e907-4766-8282-04ed2f2908c5,Gilligan,Engineering,145910
271,992d1950-9607-4ee1-88a5-047d2e4559df,Lily,Product Management,192027
272,7787a0d8-7012-4113-b5d0-51416fa835bd,Adair,Product Management,206638
273,6136cf05-8f59-4e28-80b1-618d95910fd5,Avigdor,Legal,161948
274,56323763-b379-444c-82c7-7c31bd3dde18,Maiga,Legal,109397
275,0c50c68c-1c4b-4703-ad9a-fa590c2b494d,Barn,Services,218463
276,6c8aff34-34c8-4cd0-b2c8-d49f16058edd,Stephi,Business Development,139135
277,6d43e132-16e5-4bca-991a-c800fa06668a,Belva,Accounting,54954
278,87b7412e-8aea-4fc0-aebf-e1cf9630c7c6,Florence,Product Management,88357
279,bbdd0c75-0c3f-4c16-aff7-bf0afed4f015,Alia,Sales,73423
280,37d5a2dd-29e8-4698-b537-8b289af8bca5,Lizabeth,Support,176673
281,3fb5eb76-05c8-496c-8bf6-ac42c6fb8801,Nicko,Training,76410
282,e0632f6c-b57c-4838-b2e8-ae238f817324,Ervin,Services,93565
283,1efb90eb-9574-4869-ad59-d6f12208d61e,Hadrian,Business Development,220471
284,f8589d9b-2167-486d-85f0-02ccf1e8eed4,Colby,Marketing,172109
285,e7436092-9657-40a7-80dc-d0b7ca13a986,Davey,Product Management,56331
286,efdf11dd-55b9-463f-b449-22abe6998441,Hazlett,Product Management,171820
287,07f31bfa-120c-4015-9342-caf96d5bee1b,Agna,Support,105631
288,ab0ab155-9e8a-406e-a80d-92e161eff762,Marchall,Human Resources,144227
289,93ea49b1-bfd8-457e-98d8-9b02ac0a0119,Keefe,Accounting,174334
290,2b4e50bd-d27c-4a65-b563-71849a57be46,Bartolomeo,Human Resources,227956
291,310bc782-73d9-462f-a499-fdbc8066b926,Arabel,Sales,225001
292,cb77030a-7e1a-4139-85a3-7b9a2576f725,Lidia,Research and Development,153221
293,a7b44ccb-372c-4ee0-b19c-9962492839d8,Ilene,Engineering,72708
294,119f3fc1-aaab-41cf-aed6-ba3b215a1191,Joannes,Support,62046
295,a4712973-ba51-4cb4-b503-acb6cc2797a5,Sophie,Support,216798
296,17023dda-10ac-45b9-bdb0-a64aea42ddd8,Rorke,Support,221464
297,cc9168ef-6859-4ba1-96c2-5de1aa67547f,Flo,Business Development,181438
298,87ac0373-1a56-490c-a1ac-0e414c2bdd7a,Keven,Engineering,121207
299,ff9a4d02-f3f8-48a0-aa40-cb8c08288827,Carolina,Business Development,141987
300,0c709b37-3e19-4c44-8391-21c5d5265c4a,Raf,Legal,122051
301,987ebf16-db36-4ec2-8768-3bec755ef737,Joana,Accounting,183916
302,16818731-cc07-48e3-b1e5-235901326a91,Alfredo,Accounting,105594
303,d9bd9c3d-fb71-4d65-bc4c-71cd1b9c9b1b,Antonietta,Legal,62994
304,fec0d272-dcf8-4cf4-8b3f-fc58af45cc6a,Fiann,Sales,191636
305,0a6cd2b6-228e-4f26-9706-4b2ecb1dc0b7,Bondy,Human Resources,106648
306,af7ba314-e088-4dbe-910b-c6c6ecd843b4,Analise,Legal,113716
307,1e2c66ea-8bd8-4deb-b0aa-a3ddafb17e0b,Sergei,Engineering,118214
308,77870aa4-154e-4d92-8e17-8731ed751360,Nollie,Marketing,242442
309,c990703d-5275-4138-8ba6-b547d74361de,Edythe,Human Resources,84972
310,326b5c1f-29ec-49e8-b892-a80c73463813,Hamilton,Legal,90861
311,6f9c6830-86cf-47c2-a5ae-354420cb9515,Lawry,Engineering,244293
312,be56ec38-adfa-4c0a-9764-5171aca21c3b,Albertine,Sales,223640
313,4d552bd4-7753-4c57-ad08-f116bab9e552,Franz,Training,131321
314,ca18ff8e-db03-4f63-b094-e6616ab9d0d7,Terrance,Training,182593
315,dd8fa253-5d3a-44c4-89ca-442002ab2d01,Edgard,Marketing,131024
316,3aa04d8c-c567-47e2-aabe-dc1aee9679ee,Franklyn,Training,237607
317,26ad1a9a-0ea0-4c96-8ad4-8cb79b5a0b3d,Dorris,Support,64953
318,6003727c-5db2-4687-9139-dc3b4da8b7fa,Peadar,Accounting,222053
319,c28cf300-5cc7-48eb-983b-c52ba7a05797,Ram,Accounting,131282
320,bc39698c-a121-466e-963d-ab2e51070c59,Linnie,Accounting,85049
321,342ef7f9-62f7-48b5-957f-d601e1ae55da,Philomena,Marketing,78929
322,deb02d57-fb40-4626-ab9f-ab0f499698b8,Arlen,Legal,155670
323,0780b91e-ae8c-4bba-8688-fcb9d58fa1be,Xaviera,Support,231446
324,ea643d4f-eefc-4b9e-aa3d-7beda7c0b5f6,Ivory,Services,140198
325,60ab8d4f-ae82-40ae-a308-826aff2ede52,Lowe,Support,54393
326,912da2c0-d0b1-441b-9cb5-bbc04ca4fad4,Nissy,Product Management,228627
327,c7d050b3-4726-4082-b175-bbc39491a6dd,Gaye,Marketing,88153
328,720a3ba4-551f-4205-9fe4-0fcf6ca6d5a7,Massimiliano,Training,136567
329,b485e939-4f13-4726-bff0-78bf7db265ae,Brynne,Legal,191449
330,9caa6f86-6195-4433-9130-df8bd1bf6361,Maurise,Training,87161
331,724d8050-5747-4ee1-af11-551fdd39163f,Ellissa,Business Development,89052
332,94590873-7bc6-48a2-b5b6-5e4b7b85c89b,Whitney,Legal,100755
333,0060aa51-d842-4d26-9298-293655f73488,Bram,Services,77786
334,0c619ebf-c6d5-4fe3-b68d-52d69d177716,Shanan,Sales,122159
335,fd105650-a74d-4a25-a614-5b800476cda9,Jacquie,Marketing,155552
336,13b8baf4-fb48-4369-943c-eefe7bead26d,Perla,Engineering,225536
337,2ce17f8c-781e-40e0-9197-36793f12c626,Cameron,Engineering,74474
338,1c746718-3788-41f7-b28d-e1913f93889f,Valentia,Legal,81005
339,5a8a407a-cce0-4281-9c7e-26d667c30a67,Gregory,Legal,207318
340,d97ce304-7dce-43a7-b63c-26de0effb63a,Eddy,Human Resources,100086
341,3e621b04-053e-4fe8-b0a4-f814fd33ba66,Nike,Human Resources,186468
342,c930dd1c-bd2f-425a-8a10-d2a96a9af746,Patrizia,Product Management,206355
343,5cb81339-568e-4761-8921-fffc8dc22f78,Nicoli,Training,65800
344,b6924040-410c-4154-8dc3-e4f635306013,Ynez,Product Management,104717
345,b7e4e3d2-54b6-4095-91d1-f7d4ec13e3e0,Dore,Accounting,77438
346,b129a30b-b3aa-4b96-a37f-01eb58cbd309,Martelle,Human Resources,162198
347,ea18e3f0-0731-4e77-bff0-3ee35c42f6a7,Krystle,Research and Development,50460
348,cb175e74-7b72-4616-9c17-b66c4f4fe8a0,Dayle,Accounting,147182
349,7b2e5736-b28b-4c4d-a657-c1e745928c14,Louisette,Business Development,228768
350,3bf60cf8-a977-4766-b9f3-9c1b12240d37,Faun,Product Management,245652
351,ce25c7f0-2019-466c-aa72-5da1a2fd712c,Antoni,Human Resources,193966
352,7e516707-8687-454c-b4a8-c1d05008f857,Yvor,Support,133390
353,e334d7f1-e566-4245-8c89-2261d967a2f0,Barbie,Sales,224026
354,fba887df-9ed4-4758-90a9-d232ed434e82,Nicola,Training,197759
355,3b5cc239-4744-4150-9a3e-8f79561bc125,Vida,Support,195729
356,bfe588d5-4b48-4f51-910d-9fb5ff41079e,Hyatt,Accounting,112582
357,dd1b63e1-c572-4c42-8330-383055b47f51,Drucill,Product Management,160272
358,654a7298-68dd-443c-963f-24a3fe039947,Padraic,Business Development,166938
359,178b9223-236c-47ac-bf01-431493cf7d6d,Auguste,Legal,228540
360,c76df343-0ac6-48f0-9f14-2d3637dd89b4,Ewen,Business Development,207277
361,ed65f8d5-7b14-46ef-8c04-3f4ba6648aca,Aurie,Training,223176
362,0674c582-f0dd-4b9b-b2dd-66b1425a03d4,Francklin,Marketing,159123
363,ef584f97-42e2-4f52-972d-209b50d53ea9,Tallia,Engineering,240150
364,de978dea-dd26-412c-a9c5-ecb4ebcbc98d,Enrico,Research and Development,54761
365,43530ef3-f11e-4bcb-95f9-3a8d13c35742,Jeanine,Legal,84944
366,1eba52c4-5636-4e54-a8d7-6913be92b08f,Bibi,Accounting,227608
367,4fc9e168-50c4-4731-936b-b4acb467ec8b,Marnia,Accounting,99764
368,1facf8ed-f3c1-41aa-b699-04d7ea90f42f,Dieter,Product Management,109930
369,fbba8b8e-1416-474b-bbcb-86affc53ceb3,Joseph,Support,234021
370,580d93af-0bcd-4502-b4c4-7732fbc1b205,Bettina,Services,67755
371,71dab38e-6892-45a7-b1b2-a4fe10a2564c,Garrik,Training,78890
372,f4cfd1f9-bf7b-4dda-a3db-b32f36d722e5,Berry,Training,125975
373,8a58542a-a70d-42f9-b933-7142f4c7826c,Hilton,Marketing,242763
374,d5f605eb-e5f2-4774-aa4e-a084c8b350b2,Archibald,Sales,108459
375,d2c07dce-51af-4f62-87f4-0c36dae47ac2,Kin,Research and Development,61218
376,2f5ab505-bd2d-4e29-aac5-18e0e24e3acc,Cheri,Sales,91709
377,72d6a59f-deb9-4687-b217-dfa2018d1279,Margalo,Business Development,153646
378,5b93d83d-1c81-414e-b22f-a6383d1be3f0,Kimmie,Research and Development,224588
379,df4e1364-365d-4de2-8910-33ab839774b9,Brit,Accounting,111571
380,fb1f78a5-2b29-403f-8c3b-e94c2dd46aff,Timoteo,Support,68361
381,9b50cef4-2fa8-4f73-ba6b-03c7eb7a37e2,Harper,Support,97839
382,c7dd6078-b51d-44ca-a2cf-cfd5be841f69,Smitty,Training,145896
383,b6ea206e-d442-4150-b77b-a952c9a1ce8c,Olly,Accounting,205183
384,00680a66-7f7c-4066-8e05-8ffab904f4ff,Rawley,Engineering,212483
385,a3282621-32d3-45e2-a2d4-52721e8ccbdf,Xavier,Marketing,216478
386,ee3d6800-bc0e-44b2-aaf5-ccbf5ed7c61f,Valeda,Legal,89689
387,0dd68cb6-f171-457b-83f4-3df8eef89139,Eda,Accounting,177590
388,b81d9035-5693-4acb-9462-3894f4d18fdf,Symon,Support,52400
389,e6578e4f-cced-42e9-878f-86673296afd8,Whit,Services,116877
390,4128697f-84e0-40a7-95ed-6bcd6b86d4d2,Florinda,Marketing,59386
391,bc41f96b-9665-4b84-a326-b5744782f5fa,Erinn,Accounting,128660
392,3371fe3f-3efb-4521-9d8c-3c0a587291a4,Finn,Support,69055
393,d5789d58-5820-48ac-9f69-c1e8cd1b78c7,Audrey,Business Development,120032
394,3593e789-61dd-4102-9f44-a069d14b2113,Sheilakathryn,Support,123292
395,8ac87023-1049-418e-869f-5bea73940be5,Ivette,Marketing,98371
396,26db6e63-41c4-41bb-ab2b-0c42f5ec3043,Emmery,Support,235047
397,6138643b-f572-4596-830c-f3d235fc9d4e,Stephie,Sales,180792
398,4cb08ba8-637d-4ac3-9946-86e8f9f40a24,Arline,Sales,189466
399,c9c93abd-b2bb-4a15-9482-edfb8425370f,Murdock,Marketing,129566
400,8906c07b-0114-42f4-9940-6d0837e54922,Lion,Support,184549
401,6bd5ee0e-1a6a-4b8d-9a87-5a0bc11fbac4,Mei,Services,136855
402,425f0751-d711-4ce1-87f1-5775e2e7abf3,Hildegaard,Legal,136159
403,e01e3307-d555-4017-9fc1-509c0c0ea0a1,Sigmund,Research and Development,69610
404,05967e9e-12fa-44ad-9c55-03151d94889c,Darren,Training,205818
405,fc0d1fba-e535-4faf-bd12-7e3a7e2a1ff6,Edythe,Services,106355
406,001023cd-ed23-44a6-976b-970779663f82,Lorelei,Research and Development,51649
407,6228e33e-628f-4294-b06d-fe1d60f3fdf9,Nicki,Product Management,201383
408,1af3c642-d60b-4c48-95d9-4e4224211d3c,Herbert,Accounting,207321
409,242ddc5d-9443-4e27-9db2-94494c1e2462,Emalee,Research and Development,105701
410,bc99d4bc-5cbb-4169-a4aa-add54241a2ba,Elayne,Business Development,202540
411,387b3280-68ba-44f0-9a41-3df19b76abee,Melanie,Support,177582
412,aeadefd0-4c56-40f5-9a23-ca4a7dac61e1,Gwenneth,Business Development,63842
413,51392ac8-b8d3-48bf-9799-3220986d501d,Ethelda,Services,104291
414,c63d4f84-6014-421b-9fd6-f78838e00c4a,Matthieu,Product Management,84376
415,05ee53a1-cdd7-4aa0-8082-a33941d8d2cd,Rodger,Sales,70916
416,bedfb07a-b847-4541-a79a-b3e14dd64c77,Johnnie,Business Development,73886
417,5c698158-cda4-456e-8b65-9102e299ca6b,Ichabod,Engineering,236661
418,06bf158a-b1fa-4f89-8159-dc7938a658e5,Maire,Accounting,116077
419,5731097d-a141-4a03-af86-e94a42685a6f,Melodie,Marketing,154466
420,d08ceffa-7cd9-4c6b-b441-c909f54a3c29,Jyoti,Business Development,110721
421,0722c9ac-8619-4538-85db-2f4f9a558cf1,Erinna,Services,225598
422,e18ab1f0-7384-4cff-80cf-5ee40e6dd5ce,Son,Services,231415
423,c9e74e8e-6abf-4cb8-a09c-941ab4be5802,Randall,Marketing,165403
424,54a7202a-9fd0-4ecf-957f-0882ce0b1c1b,Octavia,Sales,169439
425,f3e76c0e-c83d-4681-a0e9-001031ddbb84,Essie,Product Management,133375
426,04b96130-7268-43a1-b238-7e5d9f5c70f5,Salomi,Training,114508
427,ef33bfe7-f0f2-4e48-bc9b-6ad19a0d7876,Fielding,Sales,145367
428,c0631215-69d9-4993-b432-f7a71b07e9c1,Ham,Research and Development,63593
429,af5dfbba-2a68-4ebd-b30d-cffca3fb3947,Jamill,Business Development,113537
430,bcf4d55c-1f61-4dcc-8feb-0b87f78ea731,Marga,Marketing,128730
431,94e0a507-e6a4-4082-9645-fbc68d053961,Whitman,Engineering,114008
432,085a0c1d-cfeb-47de-9e7b-d763505a8dfd,Arnoldo,Training,189920
433,51f41714-751f-433c-a098-07d44f31e01a,Vaclav,Support,86543
434,023e8620-6281-47ec-8698-3ea8e271827c,Wynnie,Engineering,212077
435,397aefcd-bb05-4e8e-830d-4813a0c8e6a2,Clareta,Marketing,133526
436,42662e96-d36e-4812-8739-164aff656468,Alf,Accounting,181374
437,62310b4f-8e27-47d0-b506-5d7e1dae1a8a,Mata,Sales,123526
438,2abd2537-f0f7-48a0-8184-581f3d6b3063,Grantham,Marketing,236116
439,809e4316-1795-431a-8e5d-76fd97a06199,Giacopo,Services,207067
440,cf11aa3f-1eaa-4da3-b4bb-c5998dd044b7,Jehu,Human Resources,67721
441,7a6990cf-6282-4c9f-8e5d-ea61b737cf68,Alfie,Support,234978
442,40cffc65-8e3e-480c-97ca-c58503d69e51,Morgen,Accounting,194659
443,312c3863-1ab3-4316-b720-ab9c569624c2,Jonas,Legal,118272
444,22ddd0fb-97e9-404e-adf7-4fbe3f68fbd9,Corly,Support,233373
445,d6c4e047-416c-4933-8668-82915cf326c9,Sutherland,Services,136280
446,efa1dc0d-3f3c-4cce-ba34-14512cda5a94,Linnell,Support,187074
447,0bce427d-b420-40f9-a615-44af535bbe14,Eleen,Sales,181370
448,11acac83-9aae-4123-a2ce-487cbd7fafaa,Maxwell,Support,118578
449,8d826269-ba51-4d2b-8aea-b161881b9fa0,Obie,Accounting,234193
450,bf64e18f-6928-4c3d-83be-8de22c1d12d1,Douglass,Accounting,106284
451,3209a1aa-0a19-4269-b22b-925dd9e6f82a,Hubert,Engineering,148506
452,8b174f3a-39d4-43d0-9090-c957ad208600,Frederique,Training,219623
453,496e98a5-36f2-4846-97fc-eed61d609a98,Luelle,Marketing,179722
454,6e74af4b-ee6c-478d-9089-b552e7e90c64,Kelcey,Business Development,226281
455,be2bc834-18a4-4419-94ae-ad03aee042b1,Prissie,Accounting,132074
456,b8c61e6d-a635-4d02-9165-48ce0d0b4d34,Obediah,Product Management,106223
457,bed0de1d-1783-4867-bc92-2b2e0590d247,Hobart,Accounting,165183
458,8ae634ce-6655-42d3-8793-e8eb892483f6,Robbi,Marketing,139845
459,ff9b584a-793a-486b-a723-feb3de539f66,Nerty,Training,196323
460,13714588-3870-4ec9-8a16-490ba07a8381,Candace,Business Development,161530
461,5b09a3a6-66bf-4994-8d2e-15e02e5420f1,Arie,Services,228965
462,197cf28e-a21d-4cf0-a0c3-e73ba403bb1c,Joice,Business Development,60396
463,98d3a79d-866a-4269-b64c-d6bf88d93f45,Allianora,Human Resources,213677
464,2f0e2fee-5c90-4b5e-bcd8-57b7015272ee,Delbert,Sales,197445
465,8ab627cf-7db2-47f7-8ca1-e6fe18e3a88e,Agathe,Research and Development,126815
466,22af7194-1bd2-4f2e-995d-20ae5346c433,Willis,Training,190291
467,0bbc31e2-7c7d-461f-aa67-cdc64fe9d0d8,Natassia,Legal,155204
468,6d31f5e9-3b70-4343-8952-8734df301189,Dulcine,Training,167863
469,fc37af6c-93c3-4c6f-93ee-faeba471b23d,Drud,Research and Development,240019
470,51deeed0-26f2-490e-b42e-b2b710374bc2,Denni,Business Development,221198
471,dc8d1e0c-58d2-459d-985e-58f04344ee7f,Gunner,Support,84831
472,328940f3-15cc-40cf-99fe-f53f27e54fae,Ora,Marketing,99850
473,dc914289-885b-4e89-b0b5-e970234ed28d,Fifi,Services,128357
474,4de2bd72-cd52-43ef-a210-bc3469cd628c,Sonnie,Human Resources,88276
475,21093994-795c-4637-81fa-ebd68684f83c,Fernande,Support,84994
476,6bbd5b21-452f-4b5b-94d8-23a8c488e57c,Vonnie,Human Resources,184527
477,5554ac9c-bacb-40df-bcea-f919522b57b4,Moll,Marketing,231407
478,195ce273-4d29-41d1-9028-2f30a6b2f762,Adelaida,Business Development,238156
479,cc009b58-a580-4790-97b8-280f9c5a0174,Sadella,Marketing,115558
480,027b3a3c-0fa5-4a9b-a5de-330bd0438487,Ryan,Human Resources,54367
481,c2a71d8f-9362-474e-9d9d-e6a9a913d879,Estell,Engineering,161609
482,964d8721-d2b3-493f-bec5-cede26b5e3f1,Wake,Product Management,163102
483,08d84a7e-9f45-4782-96f1-e08cc90e822a,Jessi,Business Development,76084
484,b3a490c7-16ab-42e4-9af0-d0f4eff3df32,Ronna,Human Resources,83921
485,fba4a17f-8ee9-4484-be6a-de80aee6511d,Nathalia,Services,226726
486,d7871867-e8db-431c-a5c3-9e89195a5fab,Shay,Services,168660
487,c4f21b01-3faf-45c6-a3fc-8919524be4f4,Lorilyn,Business Development,212555
488,243ce577-820f-40fc-ba59-1cc44c1a2e27,Dexter,Human Resources,216077
489,d02221b4-ad11-42cd-bf2f-ca1101e3a02f,Adaline,Services,84059
490,9154723b-304f-434b-b612-dcb17c5a9267,Erna,Legal,75241
491,0661dc85-65ca-49c6-846a-1bd0333ae9b2,Heidi,Engineering,238564
492,a1f1e270-94ba-44dc-92a4-c908bc39e880,Starr,Business Development,232811
493,3b619d45-b912-414f-b290-af2c54e9d148,Winfield,Human Resources,203655
494,1936c219-8270-4871-9bff-1875737b4f8f,Roslyn,Support,103939
495,1c900a39-5e88-4d70-9098-1895d1a8ff68,Anette,Services,173867
496,abf282a6-e9a7-4dca-896e-19248a46a87f,Abbey,Legal,150914
497,3d0061ad-8ab3-46fa-b062-52a9a7ae6a3e,Vernice,Sales,171107
498,ea86ae4d-f369-4bd5-999e-eb27173bb322,Lowell,Human Resources,128722
499,a2fe9490-efcf-4707-b479-3f0ec1125945,Gallard,Marketing,240128
500,ae3d320e-cb4b-498b-981f-4a693bfa2607,Cordelia,Engineering,62541
501,0bb7dab4-e1a7-4183-be73-7a2e57b339cd,Benjamin,Sales,155051
502,6805f9e8-bf2e-4f90-a5cd-5805df5949a5,Helaine,Marketing,86016
503,ba664b2d-9ad9-455c-a381-02b438428f1b,Reagen,Sales,80686
504,a49a9fb0-1005-441b-8fe6-d1476c80bc2f,Elinore,Legal,185654
505,bc163d06-d2c8-45f1-a683-e9fa3d478a3c,Larisa,Engineering,85889
506,d43bff33-8a9d-4161-a1d9-41c1fde2395c,Robin,Accounting,247921
507,c27c9b7b-8762-4a0d-aca0-580c38cf784b,Ashly,Accounting,146370
508,7c917b99-8555-4027-b0af-49530d07757c,Othelia,Legal,91799
509,afe893c6-cc34-457a-81b9-1181fa1cb431,Faber,Support,237788
510,52f3b3df-eeb7-4ba9-9922-f71b3c377371,Carolan,Engineering,87145
511,232b0953-3501-41ee-b94b-901d605ad81c,Anica,Product Management,236366
512,0142d22e-079c-441b-81c7-e477f358cd8e,Karel,Legal,143469
513,d810d340-3e88-492c-a9a1-9fabf5e73299,Niall,Business Development,50080
514,7b0b29ae-bcb0-4945-bee8-faa436e7aa37,Dudley,Legal,196521
515,90394921-3c74-4270-ab17-c0fba452b7fd,Brook,Human Resources,166002
516,166c43a6-ea90-4c35-bc16-e3dd49e77d8c,Roosevelt,Legal,80673
517,df2499f5-a3d7-45fe-a8e0-b91b3a0fbfbe,Jill,Marketing,164329
518,1bd2435e-7856-40be-b6bb-70ef4c7583fb,Rhodia,Support,154769
519,6145950c-a7dd-4625-ab48-9ca73c6cd016,Ethelbert,Research and Development,121339
520,a2895c49-3dfe-466e-a154-8cb86ff76792,Netty,Human Resources,145841
521,3c3fd9c8-9edd-4c9a-a579-7d1e6598ca9b,Gifford,Accounting,196978
522,e402c6ee-bcec-4124-ba11-344003189030,Gisela,Services,91452
523,2e67178b-6a3f-448b-8fe9-d3d208ae6862,Constancy,Business Development,63763
524,a1b3c311-6fd2-49db-acee-0c1e0114f584,Cameron,Business Development,65638
525,35eabdf1-9acc-46e0-ade0-ec88310d2f46,Dulcinea,Product Management,71362
526,6cbb9aaf-d577-4701-9c16-2877139c2849,Aurlie,Legal,216665
527,ecbdca41-a257-477d-b74c-56b1bd7696a8,Ian,Business Development,78399
528,0e12fc9b-9ed4-47c8-bb9c-df484442aab4,Chaunce,Marketing,232873
529,21a6481e-10f5-4906-ba1e-912a0207c0ea,Silvan,Research and Development,201477
530,cdfe6f48-2738-4687-b321-73aa84eeacc2,Umberto,Services,226226
531,40d52b5e-9f1b-476a-bb0d-0831b38f3c25,Nolana,Sales,186753
532,b60cfce6-e694-4573-9562-c7e0cd28bf08,Margette,Sales,134657
533,94f51824-6834-46c3-84bf-c41a156ac12e,Nissy,Sales,120182
534,7c6eafc2-1bdf-4487-9616-7dc2b44e822b,Robbie,Accounting,220352
535,c2f13171-0dcd-4ad4-b051-73572a9fc214,Hayes,Research and Development,71042
536,001731d1-e066-4c12-86f6-075222adf4f6,Tedmund,Human Resources,234868
537,b6a0ce58-0123-4ef2-bd5d-6b40a2a10183,Carrissa,Legal,51979
538,73d7d7cd-c6cc-4c83-a2f8-ae96d3a78c16,Sergei,Training,198685
539,59269c52-5e6f-4334-b8de-463ff9f426b5,Fulton,Research and Development,76126
540,3842264f-0526-4898-a516-4b1c0da831c1,Sammy,Sales,113879
541,e6618487-e32d-4dbc-920f-6c559f3eb582,Anjela,Accounting,80716
542,705030a6-e708-4644-b706-767f6ea6c310,Lou,Product Management,102328
543,2de30970-280d-4d05-8e5e-4bb29a0d352a,Evie,Training,181579
544,d863b75c-1757-444c-9315-2aaab249a643,Suzanna,Product Management,241358
545,9e94f7ee-fafa-4d36-af8f-78161b9b7062,Delmar,Accounting,58243
546,aac6c839-50d4-47c1-a208-bd154be4beae,Olympe,Business Development,238098
547,ad81d5cb-e32b-45c6-a6d3-2af5fbaa447f,Cariotta,Sales,140500
548,f1d3ff07-224d-46ed-be0d-7e5462717779,Hulda,Sales,105594
549,9c98b370-7481-437f-b09d-e9ad67d2b5df,Linoel,Accounting,157330
550,b335765e-8e34-435a-8baa-2ba2aea4e741,Lyndy,Product Management,75226
551,809dbd67-7edf-4d78-980e-32f986cd0c5b,Gabriellia,Engineering,55114
552,6b1e7680-b30e-405e-b360-2cac937496bd,Van,Business Development,216866
553,fe48b509-95a3-4bfd-9b8a-f3ed2222d18e,Greta,Marketing,222822
554,342d11f7-ef48-4277-a2e5-4c9f8ea3e8bd,Pattie,Business Development,84155
555,792efdec-d2d5-4aaf-9897-7faa01c82709,Gabbie,Accounting,247169
556,cf64c5c5-fc91-46af-8e08-d3de38a85e82,Silvester,Accounting,219640
557,dd59384f-ed8d-4f09-8c16-a6263e6b7e11,Amy,Research and Development,75620
558,07c08982-1e25-465b-86c6-36fe9b611ec6,Dunstan,Business Development,134938
559,df65b70b-d8f3-4bd7-8776-44de1ae50ae0,Odelle,Business Development,179443
560,0841c708-a0dc-4560-8f14-33ee4bc21831,Jarrod,Support,64002
561,56ae8eed-4421-49f3-87fa-405f986e3489,Aldric,Business Development,99942
562,aaddfb5e-cad3-41df-91d7-f6b8da424323,Helga,Human Resources,104768
563,66f9d13f-4c44-47e5-8870-3e1b1b78905d,Kelley,Research and Development,188466
564,ebe6b8b6-8d7a-4cc5-b61b-8180551b8774,Faythe,Accounting,122773
565,712009d0-2606-4000-9694-9794952f9064,Liuka,Business Development,148191
566,c84a440f-4611-41b9-b089-e50471f80046,Oates,Support,128085
567,5bb0ce42-8974-4bf8-8e4f-ce6e56350341,Bibi,Sales,62407
568,445da5a9-6f43-49f6-a2d9-b2d85f9a02d2,Symon,Training,182231
569,922e19a2-a69c-47b7-a1d7-a45610b00f48,Ariadne,Human Resources,232895
570,d05ca345-0b93-4e0c-aa68-ad157742ca7d,Derrik,Support,189163
571,3ed14766-807c-4960-ac65-13c4bf0bcba9,Dawn,Support,145934
572,3cc983f1-c39a-41f6-9411-1f89d1c9f69f,Benoite,Sales,85501
573,fc3b454e-ab12-48e0-afe9-918cc1bf0e22,Sisile,Support,90250
574,52f64126-dadd-484e-8115-8376ccd442bf,Wallis,Sales,174562
575,42509fe0-d4d7-4430-89fe-434a98b3cada,Karin,Human Resources,107130
576,ff9e5ed8-fffd-4f72-9972-09cc662476bf,Bryan,Accounting,222258
577,8e8c7806-98d2-4cf0-a727-00acf7d04944,Petey,Marketing,114242
578,816754f0-0151-4ce4-a9fd-6c56ef5eed65,Cyndie,Research and Development,239415
579,75e7deea-8241-4290-8f82-befc1bb3ed1f,Robinetta,Training,94390
580,32b24d65-828c-4849-ac20-b0da83445f43,Sherwynd,Product Management,214742
581,ac167ee3-9c67-4caf-8046-6e016eb86f33,Dominic,Sales,68963
582,39a0d1a4-d890-4815-8105-fd31c2802981,Bradan,Engineering,195315
583,f266eeeb-c96e-4b08-a385-8657811c575b,Halley,Accounting,135798
584,9005bc28-2812-46e4-8759-1fec07924dea,Del,Legal,229307
585,32b726bb-3404-4458-96f4-9527c975b9b7,Murdoch,Engineering,245752
586,cc5ccf15-0a43-4795-be24-f2163f007efe,Hube,Training,138320
587,9ce2db91-a0d9-448a-b78d-89f9801f697a,Peterus,Marketing,160771
588,5c2d2333-84e6-4ad3-bc15-ea6081d9d1ef,Hadlee,Product Management,134821
589,f08085ae-a47a-496f-9cf3-7912addd247b,Charleen,Support,233368
590,8536521f-3772-45a6-a1dc-6eb86196f9fb,Benita,Human Resources,146504
591,64b46216-337d-46d2-8f01-a71cacd48432,Cassius,Engineering,108421
592,168688f9-9c6b-44b2-8f32-44272dff6ed8,Vivianna,Business Development,179845
593,4b03171b-d46a-4a7e-b223-bc08904a2f53,Caroljean,Engineering,106138
594,b5e2bbc4-feb2-4175-80c2-3954c743743d,Sam,Marketing,140135
595,cd625e4d-3553-433d-b368-e4df25009b8b,Dion,Marketing,175444
596,94fe336f-62b7-449a-8111-9dd7be949c9c,Sacha,Accounting,132602
597,620969af-e77a-4b03-9e64-e7c42c07ef3f,Jerrylee,Services,177673
598,c8dab5fd-022f-44aa-b0ea-1a973446fffa,Ramsay,Human Resources,53687
599,90e7f61a-75a2-4f18-bd1b-d174790c6541,Igor,Services,185636
600,7910c05d-2e8a-4ccf-8a6a-9317026b9ac9,Lani,Research and Development,244749
601,f5778bce-32a4-40c7-9c48-8f44f1b690d7,Brina,Research and Development,207828
602,a416531b-42cd-4550-b1b5-68c3a8a1c223,Dante,Sales,241807
603,7e828f0e-9176-43a8-9da7-0cb39fd3ca12,Helga,Accounting,229477
604,f7de63a1-6c0c-4d5d-98e4-d457332e3163,Floria,Engineering,53881
605,0bdb39b3-6245-41a3-a117-40b5cb640b15,Laure,Business Development,200355
606,23362628-dd8f-4c8d-91e9-3d1b75de5d4f,Brander,Product Management,76103
607,25196e36-2cf7-42ec-9a2c-2b22147f3358,Nerte,Sales,139513
608,58c47bf2-3e53-4a16-953f-484daed40b94,Ax,Legal,205416
609,ef038438-2772-4323-b405-2008b2e337ec,Cindelyn,Legal,120174
610,84d96a93-c414-4297-ad97-c3d8fe6c94ba,Andy,Marketing,194489
611,bed5f8e8-db95-4a77-8232-8abffb2470cf,Billy,Services,222977
612,c05fdb6a-3373-4ae8-b83c-585599893f65,Delano,Sales,121849
613,157c4316-d5b0-4015-8be3-6e64cc9e06ce,Tobi,Engineering,123894
614,f8c76b34-2015-45c7-83fc-7e27d546f8d4,Wynn,Research and Development,107248
615,576363bb-41f7-4dc5-8691-925ffb2b59ed,Ginni,Human Resources,101796
616,e9c5886b-efec-43a0-be87-d70c32263a3f,Tod,Sales,95608
617,fbc65a49-6a49-4346-bf85-9be3565f038e,Ninnetta,Accounting,51075
618,511fbcf8-d228-406e-8db6-b6ca581564d6,Mendy,Engineering,121259
619,a58c41be-39ab-4167-b242-d48b6c9f0151,Roderigo,Marketing,206997
620,17c7f14f-08c2-47cf-835d-69bcb1b89038,Perry,Training,84292
621,74d2c578-3bda-4047-b19d-1aa84d1e487b,Meagan,Sales,80069
622,c05495d0-018d-471c-abf7-4bee914fc614,Nesta,Business Development,95157
623,04b158a9-1644-4e81-9747-679d253831e0,Di,Marketing,204126
624,bcac5cd9-998f-4d73-8514-ecd78a8e351a,Bjorn,Training,248709
625,3f963fed-faa6-4759-8762-296b43b5136c,Netti,Business Development,166076
626,4dc6b72a-d1b8-4660-89d7-b76a9aa195de,Yolanthe,Services,151977
627,e6081e31-a080-4d68-9fbe-60d08c5a0b4e,Kenna,Business Development,231285
628,1b66b14d-e4fd-4ba9-bef3-f9c608ae7892,Mirna,Engineering,228716
629,4201b6ce-3370-42cd-8552-515235b5efa5,Sarajane,Product Management,234692
630,1faee709-a4c8-441e-8066-1e2cea459226,Filippa,Sales,65077
631,90d8ce5a-8ab0-4efd-8d02-6bcc7b674582,Theda,Legal,245870
632,4d5eb5cf-4002-43c0-86c3-d7af687616de,Clemmie,Services,175627
633,4a28b618-5bf7-4a28-8291-efc6581d0b3c,Norry,Research and Development,173435
634,8d62b22a-30dc-4456-bee1-746da46a1abc,Eugen,Accounting,118013
635,833a40b4-478b-4181-b7f0-c30d407639bb,Ronnie,Human Resources,150932
636,0568e35b-3818-4261-a290-5128a6dd265a,Neel,Business Development,178582
637,5d41b14e-8503-4f46-b2b4-e935b042e272,Rutger,Product Management,154260
638,fd8a76aa-eb92-46e1-a91e-129b20d5cfd3,Dusty,Engineering,246176
639,58b710d0-c191-4943-828a-3c10268febae,Juliette,Training,216712
640,9f45882f-627c-455e-95d0-b9a3178a92c6,Amerigo,Human Resources,65362
641,ad3fe6dd-1cde-496e-bd00-9b0b59379b97,Shay,Support,183473
642,32588704-9825-46d2-8c7e-3229d111b773,Celia,Product Management,235865
643,7713d21e-9edc-4a10-be67-c7121ed9e658,Merilyn,Business Development,233042
644,6a4a95b6-8f5b-4824-bee2-01dd1c6474da,Edward,Support,188321
645,09eccf87-7cfd-4526-a978-14822f26aef5,Farra,Sales,116423
646,5024f724-c006-4337-8e32-0bca6ce8c7f8,Jena,Engineering,77734
647,8fa6890e-2725-47f4-a4e5-e24f7c7d6ed8,Wallis,Human Resources,127164
648,32717375-cc81-4e6f-a634-161f93fc7bc3,Mychal,Engineering,186277
649,7aa5d8c5-c1a4-48c5-9ffb-fbbf0c93c166,Alena,Marketing,203206
650,d684cb99-1705-4cc9-afd8-d02d9f769ebf,Demetrius,Training,105335
651,217b5b3f-0403-404a-9729-c94ff42455ca,Jacob,Human Resources,52007
652,d0045953-fa06-49a3-be44-4705b5aab3e3,Phil,Product Management,244185
653,940452aa-0ed8-42db-a332-0aad48109873,Kalli,Training,249479
654,991fc479-d28d-4bd3-a754-436289618402,Renard,Engineering,103274
655,c544944d-4689-4951-b179-f18bfb024e8a,Gianni,Sales,157659
656,88e2fb50-2b27-46e1-9f67-67b049d1806f,Desirae,Services,101718
657,0ebbb68e-77b3-45a8-9864-7d2b26cd6bfc,Garrett,Business Development,184013
658,c88d9413-9b78-4542-8c17-8c10ad19c2ef,Fidel,Research and Development,170044
659,e5df53b9-bd0b-456e-ae6b-4042f67627a5,Fredek,Sales,57517
660,6558742f-cf5b-44fc-b8a2-3935726bee6b,Micheline,Accounting,68330
661,069d13fd-29a9-4246-91e5-04fa98f279de,Sacha,Support,87253
662,c87a62a9-adfa-4f68-ab5f-20009dc49809,Tabbatha,Accounting,144357
663,99afdef5-1bbc-4f5f-a33a-25dd8c31ad18,Tynan,Sales,181267
664,782d1fc9-74a1-48d2-8301-9cb7fef6b5d2,Michell,Services,94154
665,4447fecb-1a06-41c4-be13-c656579cb5d5,Rhonda,Sales,179984
666,bcadf2c6-5e56-4ee3-80e5-0320b2db9b99,Gaylord,Research and Development,87437
667,fbd249cd-0168-4341-8b82-f5e6322c34a6,Jimmy,Sales,107571
668,bb3a27db-d280-4e18-a3a9-6216622a52da,Arabela,Human Resources,229429
669,c7313c68-763b-446b-82e4-61a114710d75,Mordecai,Engineering,115923
670,0c75bf68-b234-4f44-9760-2c94ebd0a32c,Rosalynd,Training,106867
671,6e41da01-97fe-4107-b63c-80b9f4bcac22,Arlan,Accounting,116808
672,44ec2684-a273-4390-92e0-3da45da0b2ca,Boony,Accounting,129623
673,cba52b36-de83-4795-adfc-f2a7d16024bb,Edy,Product Management,95181
674,aadc2ccf-37c8-4f38-8fe7-1b4d22326b58,Zandra,Business Development,120483
675,db1440ff-2026-4f6a-be11-7523adf976d1,Devan,Services,82871
676,8d53bde0-96e2-41e0-b618-d519f5eda4c7,Kurt,Human Resources,202017
677,30a2190d-deb3-4520-8512-001f7228aee1,Kenna,Engineering,88264
678,0057e334-7bbd-4c74-abfe-0517e48bc2b2,Bari,Marketing,242466
679,2cace6c3-f08b-41d8-ae48-550b699264de,Curry,Accounting,239749
680,3cd37a0f-7890-4d84-9e43-3577ac4b36ba,Emlen,Human Resources,220836
681,76dc4028-1136-44fe-b612-ca9e38ec1e93,Ingelbert,Sales,124137
682,edf8554b-5857-47c3-b8a3-75ff2b8a0ea6,Mackenzie,Business Development,196176
683,d00ec1a1-6e40-463e-89bf-f5c7dff41f01,Gwenette,Product Management,228912
684,7484cbca-3f74-4c36-bf9c-8ccef8e79775,Adorne,Marketing,147782
685,a913317d-280e-4a66-9ce8-b9dd0ff8b0fb,Sherman,Legal,87764
686,7296ffbf-71ba-4cb4-b217-66a9caa16584,Alastair,Accounting,78513
687,df225bec-757a-4245-884a-0fd79897a626,George,Human Resources,232044
688,df058e60-0f4a-44d2-ba2a-35ab13bfa8aa,Flo,Support,225620
689,00c263f1-18ab-4992-a447-f173c226058b,Felike,Business Development,144275
690,811b4eb2-b92d-4164-96d9-a27d91262036,Andy,Marketing,171548
691,2ab8b6a5-7959-47c4-929f-c87d6531550c,Brynne,Legal,119692
692,1bf7e7a7-0989-491d-9b02-d4733562573e,Elmer,Marketing,124165
693,0986bf3e-7c30-415b-a849-f8d3c99f97b5,Karry,Business Development,53623
694,cc1f9a2f-a091-4af3-9772-15f4891e51ba,Tamra,Support,220717
695,1ac8fb5f-3732-48d3-92ea-0a490e37d8a0,Leeann,Business Development,217044
696,bef6c1de-f569-4478-a663-f44028b53a15,Amabel,Accounting,169928
697,20d6b15e-0dd6-4da8-a242-f4e7dfacde39,Tabby,Training,192762
698,d3a05ca4-d50b-4613-8744-d3c70ed992bf,Donaugh,Sales,127947
699,ca42216e-f9de-4d2d-ae02-11287541f1a0,Robinetta,Sales,93798
700,c5eb2517-290f-470a-9ac3-4bec563e3366,Rosaline,Accounting,249260
701,23e92286-f058-42ef-aee3-378d12dd7e40,Arlene,Business Development,89238
702,c485773a-caca-453b-a9fa-42ea63a8dd4a,Patrice,Legal,182004
703,eaf11538-4b25-4b32-8335-1835f877a863,Breanne,Business Development,156135
704,6c761812-4f5d-4f63-9f53-f7a9cc0fd9a2,Joshia,Human Resources,58658
705,03560911-3cb1-4db0-a653-4ae794f11ad6,Pearla,Business Development,190622
706,9733749a-f9af-4782-94da-995eae2839dc,Amalita,Support,140828
707,56362a81-0e54-4ae4-86b3-e63edbf510c2,Arney,Legal,123326
708,30e12721-ba03-4e6a-9eaf-cf96107172c3,Stanislaw,Accounting,241012
709,2cf24537-46a5-4fe2-9c53-70ea0d39c946,Andras,Business Development,236774
710,bc9d1d06-fbfd-4d07-8f0b-ed09ac617b85,Puff,Engineering,130588
711,07eb65b4-7da8-4450-902e-6e193abbdadd,Sher,Engineering,134665
712,506ba549-e669-4479-bc0e-c5fa55f82d7a,Marion,Accounting,225745
713,07a7fd59-cd3d-4c86-9ae4-4680194c6eef,Phillip,Legal,75354
714,84514394-ccf8-4a5d-8d95-a6705e6f61f9,Arlen,Human Resources,232087
715,61c33bbb-2229-45cb-84c0-bd39d53bb1d9,Justen,Product Management,71066
716,677188e8-cba7-4223-a3c0-e2ba0a4751cd,Madelaine,Accounting,130320
717,30805734-5203-40b9-aba2-c4c3bda285e1,Lars,Accounting,142417
718,92de7632-7ca7-4d8f-89c0-b56bb7e7dc33,Fin,Engineering,99280
719,75165050-3595-459a-800f-b9c297559f01,Kelsey,Marketing,60490
720,aca39597-dd43-4d2d-b842-b78026f6e494,Hillery,Legal,69428
721,963d3185-dbae-40f7-b4b2-f0d01c423c45,Chester,Research and Development,145510
722,d8a955b5-72de-47ce-a977-6a930eab01f1,Raynell,Marketing,99847
723,9f17b22b-26e3-4233-a67e-6af7e2e12172,Thornie,Human Resources,88358
724,e13ebdb5-d16a-40ec-97e0-cca397fae241,Joly,Training,137551
725,8c4976f0-05c2-4053-a18b-460403c1b009,Ramona,Marketing,247439
726,f8555fca-e794-4135-b873-4e61903fadfc,Melinda,Engineering,79923
727,1bda7f26-2dd5-457a-bb15-4c2f7de7e1d4,Kirsti,Human Resources,166718
728,58e287e4-3500-4550-b9e5-c1d78dc8d94d,Faunie,Engineering,247828
729,7e055d84-b308-4b9b-862b-782a4d1955e9,Anthia,Marketing,189203
730,f0a0e9fc-2a7c-4bcd-b967-3bda227b4a09,Sofie,Research and Development,58557
731,db7ccdac-addc-4411-a866-d6f2ac2295d4,Giselbert,Legal,125255
732,66578e14-3e8b-4d9c-a194-7258ba7aa67b,Nevsa,Training,117275
733,b54b9a5d-c444-4e72-bbc2-e70e391bc5dc,Erastus,Research and Development,199301
734,069102bc-41b2-4800-b8d7-2b5cc1f66b5a,Sherri,Product Management,118676
735,fbc2ba2f-fea3-43c7-904b-8f2c3aca1bc9,Minnnie,Research and Development,214837
736,1bd3a6c6-7522-4e94-a652-115fa7181067,Gabie,Training,122635
737,5db919cf-c6a8-4439-b90c-85bee1e40869,Konrad,Product Management,88568
738,00265693-c7f7-48b1-8885-a1d90ee19abd,Moritz,Training,96751
739,ca46e264-1071-4ee9-ab3a-443f6b2ed768,Prisca,Services,139384
740,196e1a47-1313-4ae0-bf0a-2ef9985767a8,Austin,Services,157578
741,a2362504-aa20-4cf8-b707-af4425e0d242,Marijn,Business Development,216726
742,0f8c83a9-3f0d-4935-bb13-ff5ee9ba8542,Thebault,Sales,98597
743,2714e441-b2ee-4ff7-8911-659029d6308c,Maggie,Marketing,155570
744,75cc931c-fbe3-45de-a77f-94d51aa76d0e,Dacie,Legal,234453
745,14aa7929-30dd-4bfe-9ce9-4b419da55d37,Claybourne,Sales,113799
746,d7f36f7a-31ef-4f48-9e0d-41f2d6cc0ed5,Lazar,Legal,86719
747,aae134c2-7909-43b6-94aa-90956ab19634,Sumner,Marketing,214783
748,43e887b4-7b08-4ed3-83cd-101bd4808905,Winfred,Business Development,178752
749,65a091a4-f2b9-4c28-ae87-6aa04c2c86c2,Noah,Product Management,128970
750,76b1852d-d10f-4053-af3f-6d6a81e71160,Rodolph,Support,57226
751,15849e39-7fb0-46f6-9b53-df21f4b81af9,Georgia,Product Management,66600
752,bccc6380-ec0c-4660-8f41-acdffb8292b7,Vasilis,Human Resources,111963
753,ca0b2509-10c7-4ae5-8035-d086151c753a,Claude,Engineering,166812
754,2a8b1ce1-03e1-4221-bc38-2c7b82376327,Joell,Product Management,101793
755,dd70fbed-8e8a-4a98-9899-a3c5e2e46db6,Arda,Services,239305
756,b88cb5f0-e998-4258-aede-d21487300a20,Freedman,Services,84751
757,775a4a5f-f609-41ea-b95b-c1e0703c248a,Kylie,Services,175543
758,c51cbadd-06f9-41bd-b074-1f7eb2ba3251,Ashley,Sales,167355
759,72e484ce-85e0-413a-a982-ab245d8ceccc,Hubert,Services,189134
760,66bb3527-667a-4ff0-a5be-2f2d71d0f4e6,Mirna,Product Management,186019
761,925fdfbd-ce4a-4359-b729-145b56218c01,Meade,Research and Development,112504
762,265ab0a3-8fc0-442d-93f8-e7dd6418d336,Jaquelyn,Legal,144658
763,539284b4-8e72-4aa7-ac70-94f05f5aba4d,Benedict,Sales,179475
764,26bf38ba-73ed-4506-81b5-5e135d4726c4,Bogart,Human Resources,185149
765,1768702b-de2e-4fff-be22-2a5c9839efd4,Virgie,Accounting,220228
766,00dcb817-7998-4067-84a2-cb248fe5e4e3,Rustin,Services,176605
767,a7c08812-84ff-4b48-a236-62625b59bc7c,Luci,Legal,51694
768,0227f2b6-ec9f-4069-95f1-b4360ef81923,Melli,Support,186301
769,3b771788-7a24-4853-b6b3-e0008b52bd51,Freddie,Marketing,92785
770,8264048d-69c6-4cdb-a92c-c01c744a7a3d,Hester,Engineering,89819
771,26f84de0-57c8-4bf1-993e-66e4fe189dce,Ali,Product Management,68868
772,70e3504b-6a55-4948-922d-323da6311ccc,Estrellita,Sales,190380
773,b97bfe3f-942f-480f-b1ca-6860c43b46df,Darius,Support,78124
774,fa2aaca6-e4cf-4d33-8741-b9b808cfad31,Leonora,Marketing,86622
775,824aafbf-f4e8-40a7-887b-11fa91647864,Kellen,Accounting,189102
776,655cfadf-ba18-46d7-96da-4510b977ce50,Arluene,Services,202326
777,bff34398-2a7b-4f89-82a4-1b7a49f445f0,Jeralee,Services,228912
778,103871c7-0deb-4bfa-b280-6f1310051216,Valera,Marketing,151808
779,72dc3282-4f86-4f13-be20-4369316b4a34,Urbano,Marketing,150656
780,fb2331ed-4023-4193-8fec-3c29dc40aaec,Michaeline,Accounting,155834
781,f5b9722d-58e8-4cdb-baa4-d5a4c202f770,Daryn,Support,92599
782,ce9c9575-d7d7-4a5a-82db-69e54d686e9b,Conrade,Engineering,196830
783,d5a13c20-6613-4d61-8ff7-004bcaa56f75,Matty,Support,114951
784,9afcda30-0b3d-463c-94fe-09822cd7e7d1,Buck,Legal,154281
785,753cf2fe-3ccb-4b7d-9a4d-0c1888895fd4,Juline,Human Resources,81688
786,79dc3205-7472-4960-8e03-3ac5f9a2cf40,Heloise,Accounting,169783
787,3603ef14-0974-43e1-b941-9670d50c0ee3,Rodina,Services,196530
788,080b0d7d-94c7-4bc1-bbf8-44508b084957,Fabiano,Human Resources,197821
789,c4bd57e8-69a4-4694-bedb-ddbec5295131,Georgena,Product Management,120808
790,eaffaa40-dfad-40b9-aaef-762d77236919,Regine,Training,92888
791,eb34b9e3-f7d6-43bb-80ed-f4d91d622ca6,Melania,Engineering,214560
792,b4a09259-27e7-4ffe-b691-5b301ef88342,Weider,Support,54619
793,578ccae8-a94b-4ab7-9a15-6f986560da46,Hyacinth,Legal,248677
794,4a7c6b79-315a-40a6-818b-6ff96ffaf755,Lizbeth,Sales,180745
795,988f8c08-9bcb-4081-82f6-6b569ec4e053,Lew,Business Development,175667
796,3c059a17-d812-428d-bec5-a25f65b837fc,Binnie,Support,72480
797,19c762b9-fcea-40c2-b58d-077148662217,Emilee,Support,91648
798,a76fd28d-bf22-4816-b97e-33b4ff3c03d8,Helli,Services,79390
799,0e670174-5958-4de5-a50b-b07d7038a8ef,Adan,Sales,214641
800,4ebb3e6b-41ed-4093-922b-1e5260a37ff0,Nelson,Services,146782
801,346ed767-c02b-42b4-8f3f-c53fc17a54ac,Jeralee,Sales,79631
802,6e918669-811c-4de7-bb24-c04ea59b96cf,Dayna,Training,99702
803,2b475502-4248-4dba-894a-2d70234886e9,Pearle,Product Management,79480
804,3bf2c04d-4542-4380-93a7-fbede4f6ad97,Piotr,Legal,135323
805,4f5a9a3e-9cbb-418c-ad61-02727e42ee6e,Lesli,Research and Development,243838
806,64f5d43e-35bc-442a-b13a-c476701188d6,Simone,Business Development,131689
807,4f687f15-c851-45ba-859e-3c4e4ed9db05,Dalia,Sales,227164
808,ada86d94-7638-4ec9-bc75-f7153042f994,Germayne,Human Resources,113692
809,b9e45f50-0e9d-4f55-85ed-d59b47e0197e,Tremaine,Legal,63779
810,7fe3417b-bab0-483c-af93-9021f1f22c28,Rena,Support,103838
811,335d3227-f46d-47be-b899-cb6c7e1c45ff,Baily,Marketing,228034
812,ef1d4a59-aa97-435b-bd3e-03e04bea2172,Hetti,Support,55221
813,e0f21db2-f845-4597-8f09-c9bb4029c8cf,Corey,Legal,170883
814,a52b1a5c-d580-474b-ae62-67898f247f2c,Minnaminnie,Business Development,70653
815,c430b7ad-862d-4be7-9201-1dd0ddebfa40,Leodora,Business Development,163862
816,30eb496a-0682-45b4-ab3f-fd49447b6257,Abbey,Legal,61112
817,db941973-d8e2-409e-bec8-39505f83058d,Nonna,Sales,156599
818,20cd283c-244c-401b-bfc9-a949397810f2,Grata,Legal,249461
819,be42bfc8-644d-4dc4-ab3e-68325bf490e9,Aindrea,Legal,167017
820,b07e95e2-9661-4e9d-a660-de93f027c0f2,Brose,Research and Development,125008
821,b89e9824-8004-4b6e-9ca0-37f48c09903d,Bryn,Accounting,224124
822,c08d14c0-8b9c-47da-a4eb-41fa92360fa8,Ardelle,Services,96250
823,977d9731-9b24-41bf-b074-2d10faef3bee,Emlyn,Sales,153851
824,8ec3d29d-483e-417a-8ce8-d4896a4e0251,Daryle,Business Development,86494
825,dd21a31b-b58d-42a7-a5ed-09887bf38a60,Xylia,Services,210814
826,b42ec7ec-6472-4649-8307-5375928b2458,Sydel,Accounting,229047
827,618dc0db-75bf-4f8f-86a9-6bc4f62a3d5e,Gar,Legal,86070
828,5e6442c8-cb57-41ed-8909-d32e891f0394,Ortensia,Human Resources,130204
829,9343ed35-bdd4-4cb7-a09a-b8f301bb8fd9,Levon,Marketing,117235
830,cc35dbcf-cd24-491e-ac38-2e2e37df6b89,Madelle,Services,57052
831,c3e62219-f320-4a4c-8817-03967fffbce8,Remus,Sales,90857
832,4fae8930-4c2b-4a87-b1a8-ecd718ea4853,Merle,Business Development,166087
833,3fbf3a8b-88b8-43f6-97f1-65b9ac942962,Brittan,Legal,69427
834,830df0d9-4a49-4c1d-9e91-3ae2c0ff3516,Minor,Marketing,106347
835,ee2137f2-b0cc-4be4-a24f-34a2efb1fe2b,Jennee,Accounting,191046
836,36ab5700-f153-41fe-9bc9-dcede84b186a,Dewie,Legal,180331
837,552178d4-b169-4da3-8ab7-5d0c522c2070,Francine,Legal,91963
838,9bf17888-258c-4d0b-8df5-5851ad981707,Jake,Product Management,94852
839,4d44bd6e-82b3-4dfd-be39-452daebe13ef,Odelia,Legal,214073
840,5aaca617-9d79-4c48-ad09-5b9ce06266aa,Vonny,Human Resources,155558
841,6ef922f0-c9e8-4ccb-afde-b8da24d0cde5,Bren,Product Management,88500
842,dcf068bd-27ff-48fb-9e3f-9ea3e33448cc,Rosene,Sales,185548
843,b96ceaac-8298-4096-83ff-5ccee248a7b1,Fin,Product Management,161907
844,7b472825-0b49-4a81-8d41-0e09da99849c,Archy,Training,60510
845,b7a5daa9-99c1-463d-9901-d554dea2874d,Tony,Business Development,170415
846,bb34f2ff-12eb-4ad8-a88d-d057ea1b32d0,Winnah,Research and Development,134852
847,57d80034-06da-4ba3-abc6-dc5df7062b6f,Dee dee,Engineering,195616
848,4288376f-7d6a-498e-94d1-0f38bfc32169,Maureen,Research and Development,163191
849,df0e9161-e64d-43fa-beeb-6e5e8adbba62,Patrice,Business Development,214678
850,45c10b7f-040f-4216-bec2-0680bcf1c9b5,Rosette,Marketing,144961
851,7898a612-bdb2-4366-a49f-c33e2d8c9729,Regina,Accounting,242050
852,820db65c-558a-4e6b-9ed6-2a34531ce6f1,Tatiania,Support,65836
853,60429ee3-d15a-4b32-8b4c-dbb873afe125,Randi,Services,197416
854,8fd90726-90ee-4e6f-9d12-8a7f0c545983,Jan,Training,181672
855,77a14cfa-0469-4a5a-bcc9-d6dbef8f3375,Redd,Legal,225620
856,533618e1-d7f9-4869-adb8-8d0136fc1b08,Eleonore,Training,154685
857,7aceda9b-ceb5-4477-9203-8ebde0570df1,Marianne,Engineering,118293
858,e6551e60-44a6-46ea-a1ae-5c126bc02d76,Constantino,Support,149402
859,f9535855-fe47-4e6a-b4ab-90306e52252e,Corny,Research and Development,84589
860,777d0689-1485-49a4-9191-47b7475a0427,Rollo,Sales,73130
861,a78afcba-15c9-4856-a5f5-3e492325f4b0,Melodee,Support,224559
862,e2317509-f05a-4501-92ee-2c38295f5c91,Zacherie,Legal,163614
863,494cd5c6-1d05-439c-8660-596d8e4d6c82,Drucie,Accounting,63883
864,d4321cdc-426d-467c-bb90-fd62a1f6442c,Carlynne,Services,168518
865,44df8ed1-4144-4fa5-8614-da53013b58f0,Zondra,Research and Development,218951
866,e4b06ebe-aee5-4e0e-8b02-1d6eb09976ce,Sisely,Engineering,146277
867,0896463d-0ff9-4ceb-ada3-6afc77eee58b,Myrle,Human Resources,88896
868,b0b8e06c-19c9-494d-86b3-4e75d7ab87bf,Graehme,Human Resources,82132
869,f8ba3c2f-423b-43aa-bc7b-ad0d85d8fe08,Minni,Training,134164
870,aef0f561-694e-4277-bc8c-8213a44d2394,Anett,Research and Development,101172
871,db21097f-9906-4251-9bf2-1ba534412402,Reece,Product Management,172265
872,8db44f25-973c-4759-978e-fa892b33af4e,Brew,Business Development,217804
873,3b44f3d6-4951-48d4-a32b-752f91fe8911,Stephanus,Research and Development,162586
874,468fd458-6c19-4a5a-9460-28c651a52e03,Forester,Training,243407
875,550013e3-1a29-4bbd-a44b-fe6e248b6d7b,Brett,Support,204432
876,b57c4bac-b3b3-4bb4-89dc-485c84b41de3,Keslie,Services,52771
877,a0f0f3f5-d1de-4503-96c0-4688cb3bf001,Freddy,Research and Development,148151
878,db76f788-157f-4996-9b43-5cd7c49ea9bf,Merrel,Product Management,153288
879,c166377f-bda8-4791-bd35-2ada839f659e,Waneta,Accounting,196538
880,f1a1c425-edc0-42d9-87c7-37fd3bca18cb,Dalli,Research and Development,162693
881,e981c62c-4df7-4114-b8be-625b85e6d618,Myrah,Legal,119044
882,c0c68c47-6a8c-4a51-a465-ce9fb69341a3,Reggie,Business Development,76157
883,497a5a36-9d97-4ae8-8303-bb341f49d2f2,Celeste,Support,100047
884,d1532dfa-77e0-4813-8075-e0c1a6b59bc7,Darryl,Marketing,213436
885,1f131477-2c66-4e66-8246-1c66a46d7276,Dewitt,Business Development,134691
886,828d8c94-c18b-4dc4-8d9e-a7c49f084689,Llywellyn,Research and Development,235357
887,b57eab54-3e87-4841-8852-4f3b09412bd3,Witty,Research and Development,90699
888,2eb947ba-e771-4c3d-a812-70d6f053bd37,Agnesse,Product Management,68135
889,25ca3125-006f-4319-a31f-fd65f34231f0,Sheelagh,Sales,105265
890,131057f3-31d6-4b61-946b-20a0b7ffe8b4,Coral,Training,70336
891,e7812e12-8372-4ff7-8bb0-6a175f759490,Andree,Training,212906
892,bfd5768c-be33-425d-aee4-e10ae24fad88,Joye,Sales,155007
893,792e78f0-db91-4c05-a828-b5fc277ef96e,Fifine,Accounting,132463
894,03793a12-b45a-4f83-b126-dcc46f9c9ecb,Sutton,Product Management,201722
895,61aeca09-d621-4b56-a8db-0cba58e3474c,Marya,Research and Development,149742
896,7a57600c-a398-48d1-89e2-bb7d3407be29,Errol,Product Management,90178
897,4e3bf4e4-03d5-488a-9877-8ec690b0f58a,Fremont,Human Resources,194513
898,2b84ff45-3c43-4eef-8b3a-0c110fed4f71,Cecilla,Training,208602
899,d3630af0-d1ec-4480-81b7-e52efd66f934,Happy,Human Resources,199549
900,402f3846-65cf-4ebf-ba05-d4d80d3a5603,Hughie,Human Resources,204199
901,adf34776-23e5-4678-bc4a-506914bf8d18,Carny,Sales,76860
902,113cb334-8667-485a-94b4-6eabe0d705f3,Rozele,Research and Development,230985
903,ebd6a915-dc8e-410c-b1d0-8fa3d8b61e53,Barby,Support,200955
904,089ea439-5559-4799-bdb5-f5f862382993,Conny,Business Development,108559
905,044803f8-bff7-4c98-8af4-7fbca1057e59,Gertrud,Training,245380
906,ea4b224b-1785-4063-bee2-77319d01ba22,Claire,Research and Development,57559
907,3daa6886-ddde-4c35-8727-1fe37cb658d9,Karmen,Training,186281
908,60f4e84a-3ca8-473e-9146-ca0a117c705d,Atlanta,Legal,197104
909,17ad839a-dbb5-4389-8f52-07b67124a6ee,Marlon,Product Management,112053
910,0bbf38d6-7a84-4842-8cb8-306816503120,Remington,Marketing,133581
911,92f358c4-db63-4762-a2aa-ee8a51402515,Katharyn,Marketing,74308
912,324bf28d-6232-44ef-b42d-a18649e21524,Heloise,Legal,235914
913,b08b8663-9116-4bd4-b291-9b33c8fc7ee7,Torrance,Legal,51245
914,94320403-70d8-42be-9226-79d883d3de93,Keri,Product Management,59211
915,40084f4b-efc1-40e4-98fe-8919fd3aa5f5,Armand,Engineering,78976
916,860839d9-dd14-4702-b2b2-688ca8f92484,Riva,Business Development,105488
917,763f7927-42ba-47ff-a5ae-96927875326a,Adeline,Engineering,186321
918,a223d090-a529-4f98-adb1-761ed7136b29,Chelsie,Product Management,182051
919,671a2614-98c4-478d-ad61-4bc79b97bcb9,Pier,Legal,98800
920,2df73def-01b1-4e38-913a-f42406efd371,Rab,Human Resources,156657
921,bcd247a8-d622-45e3-b733-afdc0be23459,Loren,Services,230182
922,ac27eb6f-1cf1-43dd-bb29-8c76d4fc4a81,Dudley,Marketing,207602
923,53b13a17-0155-4fe7-a600-88787301a6d2,Reid,Product Management,166349
924,a96b6678-2c5a-4b88-ac01-e804add92c5c,Cal,Engineering,107306
925,78b9cda0-5235-4156-b9df-c7ecab0aa16d,Tan,Services,88426
926,96ca8d99-989d-436d-be69-f1ed81d46f3a,Roobbie,Services,83326
927,3b8e493d-1a6d-434d-ad81-8417432ad006,Parker,Engineering,147731
928,26eafeb4-3ff0-4d65-812e-ea1d95ac943b,Rosie,Legal,151538
929,00499168-df96-4859-9cc1-23b0a4ae6fd7,Kitty,Product Management,190440
930,c886a4b6-351c-4f24-b310-25832d6c6ebf,Lindon,Accounting,247044
931,048928d1-5936-458e-8a27-435679cff35e,Dorthy,Human Resources,111162
932,14b35d25-c374-4e2e-a2f4-a06c8db776a3,Talya,Support,191166
933,f1c5ca12-b84b-450a-bbdb-33ed5d50269f,Fredrick,Legal,150260
934,e1f0198c-62ac-4139-a2d4-5cf0ba16d123,Alta,Sales,52033
935,fa635746-7615-45ce-8617-a56e3cdf8b8a,Rebeka,Research and Development,75971
936,e0882b8f-31bc-49a6-b934-3c020ac13997,Hildagarde,Research and Development,104406
937,90aac2f2-2e3b-4e25-b7b6-311ea4e6aa9a,Robbyn,Support,56150
938,7f690186-2544-4413-a0ff-c6f50ea73a4b,Valerye,Human Resources,166250
939,782cb115-45bd-4480-8000-ee3b7041c80e,Mathilde,Services,67971
940,3c68214b-7032-499d-9f88-df97af70109e,Dieter,Services,76878
941,d859a4e3-819a-41ec-99cf-ce5eb21f0722,Paddy,Research and Development,177107
942,9c2315b3-1fe9-4490-baba-b322d7c04c74,Trudey,Legal,171131
943,d57154e9-0b8d-4392-bf6f-7bdf76b7e96a,Celestina,Training,78747
944,509b3d48-9937-4406-8ef9-1121ed84e70f,Rose,Marketing,231915
945,1e6ef82f-52e8-4b8c-ab05-20bd6e877aa5,Edita,Services,74166
946,68ea02cd-7997-465c-a3c6-88cd0d2f4e96,Mady,Marketing,148392
947,2f038a1e-9df4-4587-a912-1b688821d744,Sheelagh,Human Resources,62477
948,eceee57e-8fe5-441b-8152-eafa746957a3,Ray,Training,131214
949,e4b87924-88ea-4d0b-bfe2-536afa6fe26c,Jakob,Training,212616
950,8dd4608e-0f5a-49c4-a1db-3d10e91fc6ec,Sherilyn,Support,231480
951,7ba4ef8f-98e6-4b08-be1b-7268beca3423,Rufe,Support,246710
952,c36e0f0f-e0cf-4181-b807-2f73994251fa,Kristian,Training,175933
953,0d1710ff-f4be-4b2f-babe-ad75e0cb570d,Timofei,Legal,71386
954,8fa24635-40e2-44a8-a2f2-960aaea8e1bb,Shayne,Services,56733
955,f7947578-ef41-4b82-916c-6594de1f6bf1,Algernon,Legal,58458
956,b7de9ffe-75c0-4948-9770-944b98e12551,Reggi,Sales,95363
957,6cfb2f18-ead2-4312-b7ef-053f83c8849d,Mariya,Training,88720
958,c4b7170b-d189-462d-82db-f28c20e96ad5,Jordana,Support,157569
959,5211bf52-c146-4042-b86b-214da61ab02c,Mari,Sales,112721
960,1ad7fd6e-7202-480b-a540-4fbf47c7e8f2,Mason,Training,220921
961,68b942a4-c50e-4467-8abc-a042055909ae,Abagael,Support,210584
962,57601a49-8bd8-4856-983c-95b3cea347f3,Pail,Research and Development,69616
963,0e57d871-9441-44b3-a072-436d6171a2b2,Costa,Legal,79150
964,dab5f8c6-5b97-4c46-9290-0542ca310e20,Gillie,Accounting,227392
965,9ab9481c-4d41-4912-9f61-3a158d9d759b,Xaviera,Research and Development,105477
966,756647ba-81ba-4186-a644-36ce2a48a1dd,Imelda,Engineering,216450
967,f3099a85-5c94-4d0f-9fbf-24879ea0a38b,Zach,Marketing,110696
968,a9ea95fe-242f-48f3-bc7b-6bf4589c0ba4,Petronia,Legal,212862
969,c264edef-0691-489c-8016-749aa48b418c,Elvina,Legal,229508
970,28a0a906-6998-45c3-aca3-2b8564de4797,Mattie,Legal,75884
971,3548e06f-6a67-4b5c-be61-34c141749b96,Joelle,Accounting,203645
972,33bc30dc-bec5-411d-802e-56a42945a847,Harmonia,Sales,167631
973,245e7eb3-7211-424e-b250-fa35a028c321,Natalina,Business Development,165122
974,676207a9-88d9-42fe-bb3c-563bbf2974e5,Barbabas,Research and Development,86212
975,a5fcca9c-56c7-4505-97b5-515cf9f7e922,Adriena,Legal,122904
976,453abf87-9d4e-412d-92a4-452a87d75c56,Brit,Training,127864
977,870561fe-fc85-48e4-980f-33afba587ddb,Clevie,Research and Development,178282
978,e47cc348-b331-4d11-a08f-c6b6fe23e036,Alyson,Business Development,77099
979,bffd616b-7544-4bb5-8945-09f115052cde,Suzanna,Product Management,87682
980,5f0e32cd-b0a1-4d33-865b-f8684adb8449,Odell,Research and Development,117628
981,d316cc7d-4e8d-4770-84fc-92612ef3aa8c,Cirillo,Marketing,188903
982,b4cdcd9a-38a0-4066-8d41-7e37f4ea9d63,Liane,Engineering,177980
983,892d93ec-3731-4c31-8a5f-15db7bd74234,Catherina,Accounting,98426
984,92d3896f-1899-444b-9895-a90bb9e7b36a,Jakie,Product Management,178040
985,e77f4557-9ed7-438d-824e-d93d12d555e0,Ambrosius,Business Development,160245
986,145bbc1e-8901-4dc6-b012-08a9d5696ca8,Ruddie,Legal,149623
987,0c1d6b2a-782e-47dc-8695-0c1a7b75613b,Tobye,Engineering,158151
988,3e23ad15-d614-438e-8d33-f76e00723274,Rakel,Support,129934
989,e1122bf6-7755-44bf-bae3-f2e4df9fa12e,Tersina,Research and Development,115329
990,a03c7965-0cc1-4e7f-b9c7-866eba76e85e,Egbert,Accounting,197053
991,0f34009c-f4d9-427f-9c09-12e452b24a41,Harlen,Marketing,149449
992,a42862f3-4252-4310-98dc-69df61cb1c0e,Dita,Marketing,202273
993,d816bbd3-3601-4c12-a752-eb69d3f8913d,Abba,Business Development,67728
994,ed35c25b-f492-4035-9357-6f607c50788e,Rance,Engineering,53657
995,977b4333-90b5-4269-bcba-2788597ce1f0,Byrann,Training,157860
996,a398c666-0ba5-4a13-98d3-a5727233b72f,Scott,Accounting,95773
997,40796222-2a57-4bdb-93f9-2e99f2130149,Almire,Human Resources,129034
998,447df353-b1a6-415d-8e67-ecc7449eaa9d,Odetta,Engineering,129340
999,d15eb237-d791-4e04-b19b-aceba91d1729,Leora,Business Development,208299
1000,827a8fd2-6e20-4812-b36b-fcf8add09686,Ronica,Engineering,196924
